<?xml version="1.0" encoding="UTF-8" ?>
<extension type="file" method="upgrade" version="2.5">
    <name>com_virtuemart - es-ES</name>
    <version>2018-03-13-08-47-07</version>
    <creationDate>13.03.2018</creationDate>
    <author>The VirtueMart Development Team</author>
    <authorEmail>max|at|virtuemart.net</authorEmail>
    <authorUrl>https://www.virtuemart.net</authorUrl>
    <copyright>Copyright (C) 2004-2018 Virtuemart Team. All rights reserved.</copyright>
    <license>GNU General Public License version 2 or later; see LICENSE.txt</license>
    <packager>CTransifex</packager>
    <packagerurl>https://compojoom.com</packagerurl>
    <description>
        <![CDATA[This package was auto generated with CTransifex(https://compojoom.com). We've grabbed the latest language files for our extension from transifex.com.
        Special thanks to our translation teams at (https://www.transifex.com/virtuemart/virtuemart/) and (https://www.transifex.com/virtuemart/virtuemartplugins/) for helping with this VirtueMart translation!]]>
    </description>
    <fileset>
        <files folder="admin" target="administrator/language/es-ES"><filename>es-ES.com_virtuemart.ini</filename>
<filename>es-ES.com_virtuemart.sys.ini</filename>
<filename>es-ES.com_virtuemart_config.ini</filename>
<filename>es-ES.com_virtuemart_countries.ini</filename>
<filename>es-ES.com_virtuemart_help.ini</filename>
<filename>es-ES.com_virtuemart_log.ini</filename>
<filename>es-ES.com_virtuemart_media.ini</filename>
<filename>es-ES.mod_vmmenu.ini</filename>
<filename>es-ES.mod_vmmenu.sys.ini</filename>
<filename>es-ES.plg_search_virtuemart.ini</filename>
<filename>es-ES.plg_vmcustom_specification.ini</filename>
<filename>es-ES.plg_vmcustom_specification.sys.ini</filename>
<filename>es-ES.plg_vmcustom_stockable.ini</filename>
<filename>es-ES.plg_vmcustom_stockable.sys.ini</filename>
<filename>es-ES.plg_vmcustom_textinput.ini</filename>
<filename>es-ES.plg_vmcustom_textinput.sys.ini</filename>
<filename>es-ES.plg_vmpayment_standard.ini</filename>
<filename>es-ES.plg_vmpayment_standard.sys.ini</filename>
<filename>es-ES.plg_vmshipment_weight_countries.ini</filename>
<filename>es-ES.plg_vmshipment_weight_countries.sys.ini</filename></files>
        <files folder="frontend" target="language/es-ES"><filename>es-ES.com_virtuemart.ini</filename>
<filename>es-ES.com_virtuemart.sef.ini</filename>
<filename>es-ES.com_virtuemart.sys.ini</filename>
<filename>es-ES.com_virtuemart_orders.ini</filename>
<filename>es-ES.com_virtuemart_shoppers.ini</filename>
<filename>es-ES.liveupdate.ini</filename>
<filename>es-ES.mod_virtuemart_cart.ini</filename>
<filename>es-ES.mod_virtuemart_cart.sys.ini</filename>
<filename>es-ES.mod_virtuemart_category.ini</filename>
<filename>es-ES.mod_virtuemart_category.sys.ini</filename>
<filename>es-ES.mod_virtuemart_currencies.ini</filename>
<filename>es-ES.mod_virtuemart_currencies.sys.ini</filename>
<filename>es-ES.mod_virtuemart_manufacturer.ini</filename>
<filename>es-ES.mod_virtuemart_manufacturer.sys.ini</filename>
<filename>es-ES.mod_virtuemart_product.ini</filename>
<filename>es-ES.mod_virtuemart_product.sys.ini</filename>
<filename>es-ES.mod_virtuemart_search.ini</filename>
<filename>es-ES.mod_virtuemart_search.sys.ini</filename></files>
    </fileset>
</extension>