<?xml version="1.0" encoding="UTF-8" ?>
<extension type="file" method="upgrade" version="2.5">
    <name>VirtueMart_Plugins_Language_Pack - es-ES</name>
    <version>2018-03-11-03-51-33</version>
    <creationDate>11.03.2018</creationDate>
    <author>The VirtueMart Development Team</author>
    <authorEmail>max|at|virtuemart.net</authorEmail>
    <authorUrl>https://www.virtuemart.net</authorUrl>
    <copyright>Copyright (C) 2004-2018 Virtuemart Team. All rights reserved.</copyright>
    <license>GNU General Public License version 2 or later; see LICENSE.txt</license>
    <packager>CTransifex</packager>
    <packagerurl>https://compojoom.com</packagerurl>
    <description>
        <![CDATA[This package was auto generated with CTransifex(https://compojoom.com). We've grabbed the latest language files for our extension from transifex.com.
        Special thanks to our translation teams at (https://www.transifex.com/virtuemart/virtuemart/) and (https://www.transifex.com/virtuemart/virtuemartplugins/) for helping with this VirtueMart translation!]]>
    </description>
    <fileset>
        <files folder="admin" target="administrator/language/es-ES"><filename>es-ES.plg_vmcalculation_avalara.ini</filename>
<filename>es-ES.plg_vmpayment_amazon.ini</filename>
<filename>es-ES.plg_vmpayment_authorizenet.ini</filename>
<filename>es-ES.plg_vmpayment_authorizenet.sys.ini</filename>
<filename>es-ES.plg_vmpayment_heidelpay.ini</filename>
<filename>es-ES.plg_vmpayment_heidelpay.sys.ini</filename>
<filename>es-ES.plg_vmpayment_klarna.ini</filename>
<filename>es-ES.plg_vmpayment_klarna.sys.ini</filename>
<filename>es-ES.plg_vmpayment_klarnacheckout.ini</filename>
<filename>es-ES.plg_vmpayment_klikandpay.ini</filename>
<filename>es-ES.plg_vmpayment_moneybookers.ini</filename>
<filename>es-ES.plg_vmpayment_moneybookers_acc.sys.ini</filename>
<filename>es-ES.plg_vmpayment_moneybookers_did.sys.ini</filename>
<filename>es-ES.plg_vmpayment_moneybookers_gir.sys.ini</filename>
<filename>es-ES.plg_vmpayment_moneybookers_idl.sys.ini</filename>
<filename>es-ES.plg_vmpayment_moneybookers_obt.sys.ini</filename>
<filename>es-ES.plg_vmpayment_moneybookers_pwy.sys.ini</filename>
<filename>es-ES.plg_vmpayment_moneybookers_sft.sys.ini</filename>
<filename>es-ES.plg_vmpayment_moneybookers_wlt.sys.ini</filename>
<filename>es-ES.plg_vmpayment_paybox.ini</filename>
<filename>es-ES.plg_vmpayment_paypal.ini</filename>
<filename>es-ES.plg_vmpayment_paypal.sys.ini</filename>
<filename>es-ES.plg_vmpayment_payzen.ini</filename>
<filename>es-ES.plg_vmpayment_payzen.sys.ini</filename>
<filename>es-ES.plg_vmpayment_sofort.ini</filename>
<filename>es-ES.plg_vmpayment_sofort_ideal.ini</filename>
<filename>es-ES.plg_vmpayment_systempay.ini</filename>
<filename>es-ES.plg_vmpayment_systempay.sys.ini</filename></files>
        
    </fileset>
</extension>